urlid,label
5865,0.8611631681618533
782,0.2091895452847238
6962,0.3671333397953271
7640,0.1522259968151402
3589,0.4819718772026257
6719,0.37092814519868095
3905,0.337507036769811
9841,0.9512424525913195
7447,0.22750141677111382
4776,0.31400318026331886
2879,0.5551955631636121
2620,0.5019115370754182
10479,0.15625006379385395
1105,0.2680265010269465
1849,0.47523187559390084
8286,0.5155669346052235
8344,0.8972579181247498
10486,0.9395009459223645
8661,0.96938128926103
7188,0.29614549933301104
1433,0.9691186824125654
677,0.7249594238173185
469,0.831140151576537
6988,0.14758646393979674
8024,0.15183719625061484
6896,0.3010760231286209
9154,0.3103510954877784
342,0.5912290356255749
50,0.2732370203062645
983,0.12586542267095263
6933,0.27815135702404853
8271,0.17349744751128177
5602,0.2571243578210242
4505,0.2570879990544435
4966,0.9184927038200459
2390,0.23645436869830466
6736,0.47715412883723307
4660,0.9034832914652213
7560,0.831105560152217
3840,0.5251223488602892
5823,0.8187384571276606
5789,0.9442773425094394
1595,0.1907675182965354
6770,0.6919452113856979
3522,0.8791341415273184
5584,0.8215267159204499
8323,0.8427274675741339
3862,0.567078679052782
373,0.28564993902319025
7345,0.2860255899160395
7708,0.8979600301349211
1398,0.8403519254951995
4298,0.2619872659547704
7467,0.10746474794796243
1878,0.8055827557571958
1832,0.2918975460297166
625,0.37315162164065196
7438,0.21706501746702503
9961,0.9078431866354177
7117,0.22407734248042993
8190,0.24502501053524114
1713,0.6823326431969181
949,0.22812940426071524
9246,0.17978103905049525
2326,0.2430332777940987
8942,0.1973195025031458
4458,0.5561183637263458
4659,0.4481156724161061
9522,0.2501826516391686
2497,0.8231031830631604
9836,0.3697518666305642
3808,0.9122244758577679
5575,0.8999553227157135
5714,0.3567024127139658
2490,0.7872005880982434
6812,0.3732511422809154
4335,0.15932757317512558
10014,0.9461866832781051
5889,0.759010099518932
482,0.9034768466020081
8082,0.13606168698059268
5856,0.8898986751027214
8866,0.43183782925485753
2624,0.9461714494285789
1371,0.814126432977914
4436,0.1769544413243066
2972,0.925388573693825
3638,0.7740238032104579
6249,0.5157741372412232
7602,0.1881833433878437
9624,0.9448749093355558
7567,0.2757653414924011
6578,0.29859323623479755
7590,0.7296461124642271
8590,0.8520519085045547
10520,0.7440874538701436
1906,0.4113419544724505
1373,0.2551917573430616
1601,0.9055346445866573
4754,0.2683227264453542
8208,0.2329188542380539
1658,0.9219810419100761
1352,0.9517951046155378
8143,0.8583138533828021
7760,0.5957074601118275
7836,0.49411136071803163
9769,0.3249541309199
503,0.7003637938850737
4909,0.19311734579963613
7162,0.26499037858745467
10035,0.6241883994642308
1992,0.5158634489875699
6133,0.26475320609672953
8519,0.27801560883998044
1879,0.424201604218513
7107,0.40562805763968507
1225,0.5899987925928589
2451,0.7170463534850018
8252,0.1468533047729449
9214,0.6682539533780799
4850,0.9328902768425404
5891,0.1471965850732101
5274,0.3661455080087561
8623,0.08454391428663158
562,0.8586425056554845
860,0.26847101050623356
4199,0.8899169825543838
7616,0.26534370596906676
10544,0.4022375252217373
1567,0.8995911313864797
6552,0.24696518390340896
954,0.20811252672004357
111,0.33007436989932626
7036,0.6622492994925742
1995,0.9329653112470141
7095,0.2833523648737273
10180,0.5671349336133545
6872,0.895812733115879
4805,0.9189054768631811
355,0.7553556294012997
8097,0.9453355057147441
9271,0.9028857598555488
431,0.3643228047271993
1646,0.5274125665571205
143,0.9388828220395534
3436,0.23711203947607065
150,0.6390351979617876
9745,0.19388569421070592
715,0.2754690701436268
578,0.2818177230062751
8684,0.8888417076264977
1186,0.7946312034388572
9115,0.4519230402853285
9239,0.16408771921606996
5461,0.9580211712897232
5424,0.5661352582061654
1349,0.9231400997082309
609,0.8729596139685667
7569,0.31385230988504464
1622,0.45367460745389615
6541,0.1335604057593435
9873,0.862369027460588
305,0.2116626160005592
6041,0.36464330313060517
5360,0.38651180782535466
8445,0.8197325792784201
7260,0.2932140117717696
4526,0.9297675460033933
138,0.4992301705416448
168,0.21254576914461099
7888,0.8550869860607835
4639,0.806976883334923
867,0.2817451981958464
9673,0.9800865556657734
710,0.33083417702762735
4749,0.23184691706902424
4716,0.11481526660102559
410,0.8728388400557463
2155,0.9398672997100477
3289,0.38459041725197524
7774,0.3226380029024623
1200,0.3151849481172436
9057,0.3717629578485189
2261,0.2133151477058022
9612,0.2827467844053537
4987,0.4859968858240852
3605,0.9118196056058384
5068,0.9115556579444624
4474,0.9114978751158977
5831,0.8204990401891746
4729,0.2913509649570941
10060,0.45887159488368867
6895,0.2343344150540773
3791,0.9243623031317536
7910,0.18876622136870083
4209,0.13498109270120914
4984,0.832755686934711
1773,0.26174991436153894
2101,0.2663715888065536
7251,0.18405593426130454
2887,0.4098222173859509
875,0.5033442327076824
8185,0.25568576770360246
9688,0.9375358179261528
5342,0.19776454779301653
6802,0.5481726726655556
3077,0.3688154486780699
712,0.19951122726568538
3026,0.4323417682579983
2640,0.3322268459880871
4872,0.4794560697239936
3334,0.9151296498871204
2431,0.4180170638814866
9218,0.2804728480925867
7417,0.7211799525026888
3563,0.9561411924309072
1006,0.35743177465170195
8940,0.29313063693731345
7703,0.12695346049306552
2686,0.1961143904234013
8159,0.9726022734535398
37,0.30342462839277806
65,0.23396071324263018
1910,0.3711891224084478
2202,0.9275408502711775
9717,0.8475650629363705
2388,0.8354160906743097
2365,0.2938406891162801
5072,0.46390726243008795
4614,0.20532216046762164
6955,0.44391700258202893
4094,0.20260489496624703
3319,0.9437767539721827
1456,0.939446784185284
5381,0.8492700175373441
4479,0.5581667874264638
4766,0.22793194475761272
6076,0.8199970862574619
8064,0.4128506698246176
3416,0.9590367700852912
4892,0.243783195250881
9942,0.9178454769990442
9215,0.4649169474279238
4506,0.7533384133315666
9275,0.39746248350861496
1306,0.9184336061259238
6828,0.9374791352752951
8368,0.6013823636452376
7205,0.13674860433378172
360,0.8504689055376689
3386,0.2562150894337903
3835,0.5298288660863782
1305,0.20251687265865367
7963,0.15978274953069307
2073,0.47849304656105235
4230,0.36944424245080226
9012,0.16582361947641353
2723,0.9400938034520789
6788,0.9045533120305651
7945,0.19697475152014218
4868,0.9112071697566652
6597,0.4874643733277651
7323,0.11967295733011667
6229,0.25685364293186635
3427,0.46642921449747177
7727,0.21943857450409038
4707,0.9474216771447542
2547,0.8000981897741991
4523,0.94864515299119
9648,0.2540767987929745
1084,0.1778176679407713
3327,0.93159870575394
5591,0.19991898883100445
186,0.1479449150391102
2938,0.3428408266750309
9912,0.8707592882849801
6047,0.36100636786136947
2417,0.7877448512078389
10533,0.20549557745695365
1137,0.3867422966173273
1533,0.9250660506195697
9233,0.46696887529270764
43,0.12837168036253455
8986,0.23892232138726419
6000,0.9554354498596743
480,0.2704373126564404
2457,0.41896479320706953
5362,0.20452664598331363
7722,0.36004601515898277
7940,0.7787911816617984
6104,0.9049057854392084
8853,0.12176903187735748
5813,0.7349990224428365
4769,0.3100595406813465
2544,0.5443548802971412
6379,0.16979813164382257
5262,0.1591500379934924
9885,0.22191859141110826
10081,0.3139966288867521
1315,0.3385348749448001
3388,0.1412553591365167
3473,0.8688184519153908
2117,0.4733124662601212
9411,0.31147617915547293
9379,0.9585098747083256
4236,0.20424852154710643
2049,0.12860499306958142
4786,0.3028026770932053
1604,0.28437675696835535
7659,0.21026815647738048
8152,0.22718992875627364
5417,0.2970021117071348
160,0.22879892426923232
6826,0.9049877838128384
1815,0.4323314401434822
3647,0.6971230093016476
5605,0.23565331840604944
3526,0.8933300411723765
3854,0.9069638207605439
1053,0.15016264735446488
2411,0.34500442671885895
6015,0.39755469666864585
2089,0.9591004371545518
7745,0.823121436868613
6816,0.4761787343163882
3934,0.4127608481058909
6547,0.2115595880399925
3758,0.8951161700971161
7158,0.7317648622339148
1584,0.1553064968779889
2982,0.9118126064302786
7679,0.8728420969183593
5286,0.9429634405326548
3776,0.783377364767006
1235,0.5001737230941535
6294,0.6105513322886157
1012,0.6919474685731668
10318,0.12513536862895164
7134,0.31640168069045355
5180,0.6843386356439195
2108,0.3715808679490284
3639,0.41406109332422353
6729,0.2537784893130842
2472,0.30699652784766696
10235,0.45853314894005104
190,0.8706280186789527
4713,0.7175865082673839
6827,0.2988911359674592
6108,0.915551180630082
1114,0.9606759410611211
4848,0.3565525842016775
606,0.2962505547038844
1573,0.716867117426678
8546,0.34923821013388373
5193,0.2751386104684515
2936,0.2549359537900429
5104,0.6565582537771298
6712,0.6581535430039467
3055,0.2047866757027652
74,0.9129922829218289
7726,0.6792466035691987
9183,0.3942987658972553
162,0.14865007859182836
7288,0.4372024748682796
8657,0.8408704503491209
1295,0.233278281584661
8207,0.5606334647161889
4433,0.9027129551900729
590,0.9120765123647537
10549,0.20961506495131474
7749,0.5295844420389856
405,0.9577488446701428
10267,0.8940161232126671
7133,0.3401673910760259
7584,0.6025705346072407
6616,0.8230163338463201
1719,0.41853901026755824
9761,0.8011911207845388
5859,0.291071592162485
5662,0.1812589972692269
1736,0.3250094667570846
9333,0.45843151806165655
1102,0.17907991771894288
2790,0.5179816804383363
6598,0.8615697685546965
7995,0.9253732930068995
4452,0.8783596757973346
159,0.3180528692950507
511,0.7906060897832445
7006,0.8695484587412958
1123,0.8203263848759222
6073,0.36316772132984565
7094,0.15450189305659873
10008,0.33426165669213914
7573,0.17905145909371115
679,0.32114064400326797
6809,0.313310936326925
1108,0.15943092696613298
380,0.11911420859328878
204,0.14111998068989234
7075,0.25062377839098016
2550,0.5440465718874368
9785,0.31054675732114995
5036,0.48738200119953856
3129,0.3298291382163417
6495,0.8114799302274744
880,0.23817938507334632
2360,0.2875578866548313
7839,0.30182548491752803
350,0.4154480941277213
9151,0.8821653301676315
6650,0.43644947137753237
7208,0.5744364327272142
5840,0.25452652822792476
5997,0.19835003106560914
2103,0.8884064125969431
713,0.5883461449304196
7771,0.284575573841419
10255,0.32923153458598053
3944,0.9876190551840152
4250,0.2552470243534498
2833,0.22617822969333012
3052,0.3247522832555011
7855,0.9736641188127914
4152,0.27563089723682915
4445,0.8839237726348899
10036,0.6990341522458602
9727,0.3000210721196268
2234,0.26645549455467915
9632,0.9115886627016241
626,0.25857518918944056
1644,0.19450792949500248
4859,0.9455816628657894
3987,0.20878111943572233
5884,0.9651076705026752
4112,0.7890510347756048
10392,0.1163677702127003
2962,0.2498553773942
21,0.3226342037245777
8524,0.9340489382368982
2543,0.3026941056677594
663,0.3153059773717986
2748,0.7182179049179029
3451,0.26167747467835256
964,0.8843827001939071
10560,0.6435323269018445
2428,0.31700269726860497
4520,0.2925029972773481
7660,0.7993771134622523
6583,0.5039927716501283
10390,0.28367038035950476
688,0.15942991308661345
7957,0.8768370560228457
3356,0.7149673591554627
1766,0.2698965073941812
9128,0.4523364994066912
2340,0.28758550517297643
9421,0.2123130971500007
7712,0.4519999571927755
8200,0.11771718780412543
8762,0.24093064604371253
6446,0.46476486605278117
5194,0.12420277475871909
960,0.3918549454550991
779,0.963668308262747
3584,0.38745162159781155
3011,0.32437254880044747
2769,0.3092568133139085
1392,0.4276531317519003
7254,0.9384720610792061
9084,0.4416844494453824
9622,0.28503616113438746
3665,0.26933260100020257
1609,0.23994437987999181
6130,0.23692579378036044
10155,0.1934495622246016
7826,0.899406213564769
8300,0.40019512380374694
5038,0.5570131351470826
7582,0.7559292245661074
9561,0.15910974363685337
7430,0.7948747937582181
5045,0.7404946665630869
10421,0.19585341824367722
5675,0.2876629732042591
4687,0.25685326637044903
4944,0.8795340160102203
5105,0.9037995614477169
148,0.3334286845201289
6371,0.15489429066985688
8108,0.3092963472937079
4354,0.3740368434144917
6077,0.7549201538981829
4292,0.5019115370754182
10068,0.4097853385039373
5821,0.3669738317947817
1042,0.8257609567917106
7715,0.27446711923640094
9703,0.2537197636201551
2761,0.35136376288695925
7002,0.21097734795029263
7313,0.466776204456863
9050,0.2701562506208323
5518,0.24346570838630432
10556,0.8426521143545018
1078,0.15917726202608576
9699,0.48924440269112046
10445,0.8892727847150805
8748,0.6849271952526539
2960,0.302573133839598
4317,0.23667720499613076
939,0.1617560700243025
8423,0.22693590038170694
5196,0.19236312502393071
8151,0.25455377631888665
7199,0.9161294412807401
1574,0.33786646358226863
8566,0.3551408916728634
7389,0.3068581727934195
1177,0.3838354373329812
10282,0.6944386492702117
10098,0.5928918152627959
4512,0.31826859820809156
4055,0.8978144879142397
8431,0.6519196302496241
4532,0.3837672124490204
10450,0.22951759115698508
5754,0.8060609540722208
1882,0.8858527365339717
1563,0.9059366435497098
4871,0.9037632380747928
8440,0.3375164400355306
3253,0.7112286079860433
8270,0.3472843344815458
4610,0.16961861120084304
9619,0.244606776765703
8786,0.13552479886130406
2889,0.8526808148124091
9781,0.2667762090309475
5061,0.270489922188882
7059,0.9414022613782331
2064,0.9364427214312385
1587,0.46802632395640326
1934,0.935842466291718
5516,0.25061064153929896
9853,0.33140834369203936
7867,0.36792649530669164
1556,0.5554207397191381
5495,0.35583936256456583
4274,0.19853010309379862
8177,0.31925943542216234
9491,0.9379304091937775
9813,0.2643038112524578
2205,0.22853600554651812
2710,0.46799719279844393
2992,0.22753224525186436
7998,0.2908802661492697
6428,0.5674822314076633
6638,0.2721972002239246
3035,0.6546262899629598
1578,0.3293603099240717
1324,0.549864366125175
2316,0.9326778352555246
9326,0.37803855637593914
7359,0.9151547709245056
7741,0.6076719896840517
5143,0.2121251692380212
8196,0.5571499673143281
630,0.1858841667389045
8481,0.8690617118629609
8497,0.22330313893125012
5409,0.8468023439971631
5749,0.3757537967442105
8219,0.6632559034077867
9571,0.8344949462559943
4886,0.9048418097056609
5367,0.27481262014922747
1185,0.302251648156427
8291,0.306648701359095
1590,0.36897758731492486
7698,0.35817056062086594
51,0.46082412751250007
8784,0.21360884568438224
3928,0.22610329634907955
5987,0.16241368751948007
7008,0.926032325959667
7482,0.8782026350220702
9374,0.17754591403149766
1296,0.5830167195475926
10289,0.8754344872563385
2986,0.23390134082265052
4651,0.21924109685649323
8594,0.4328157908902715
7469,0.7633450538296659
2871,0.25029093071979075
1903,0.9483425431434769
8571,0.9346619187423877
4832,0.8840916203352038
1242,0.5282504685136968
7115,0.31918640704198714
3599,0.3831127951406294
2065,0.40280195410939224
4529,0.3401007782726144
763,0.3671439926593058
6698,0.9403114382878611
2002,0.9522627866335308
2020,0.7964539280435062
5229,0.38975999056318594
8243,0.2584366368980055
6936,0.8303331828859666
9360,0.9694600439874804
4360,0.25755120266432907
7951,0.26031796981229616
6701,0.5337293578408324
7574,0.9533516096806335
2426,0.20752131997348644
1681,0.9236311871852756
7135,0.3570508190690804
3688,0.22793779558557753
3872,0.33595616532303796
558,0.138828610229562
2228,0.577558621840136
8170,0.31317339895875096
7171,0.2887264856202145
7756,0.1913991544547474
3609,0.22021734991330513
3985,0.36843024380745804
1139,0.2550696721065874
3453,0.6340448667405864
7583,0.283042195269781
9788,0.8937875124591157
10175,0.6521990006402776
6059,0.22632786103177954
104,0.23299378526168246
10168,0.285835226925178
8902,0.9344828932098973
5343,0.9484594574575168
4239,0.1718404497552537
6767,0.4270515529863395
6269,0.2100756975421939
6682,0.2299015833653406
9558,0.2796936294478577
2416,0.35551266390830305
6592,0.2639552033792172
6196,0.30144512057745104
2751,0.9659117865119483
3412,0.8236011964704
8302,0.8498931249942241
1120,0.6723430554684745
8005,0.1583398229896106
6637,0.2825320146500556
6440,0.29699719792204227
6679,0.919558118328508
8039,0.919281716124623
5357,0.9055197059291108
8844,0.8771013957361662
2964,0.21594135308819357
6040,0.23474860773083137
7259,0.6939949528639197
8974,0.6344599520616088
7439,0.11921471770631697
1045,0.14971235228098886
7706,0.2346633384557888
9724,0.20861098535495323
3698,0.2593484191366355
7339,0.9336932424921751
1749,0.19746813606359429
7257,0.23846990500801046
2963,0.9361428461672305
7775,0.34846302171496785
10501,0.2236842604103565
4258,0.926798921115216
7908,0.9630355284478704
722,0.40951787315747695
6519,0.4437524951555232
6916,0.33344222500955933
4456,0.9707124045274923
2731,0.3836346860253747
917,0.824577993294634
4107,0.4335227851076371
7894,0.5012328487416765
2540,0.15179599411229006
8455,0.913445346167029
10406,0.9424095785741039
8909,0.21977511098325941
5489,0.2584918780826516
306,0.9452761739280049
3894,0.27557256426561816
2735,0.21061517792018147
4939,0.4313065733396226
1551,0.5865130587716546
777,0.5806508566148262
2160,0.9112623240075194
8599,0.9066097107898601
2727,0.23230121911018992
6362,0.2664167935657692
1417,0.902970667591719
10343,0.12206582793044006
4866,0.9365868635680621
2682,0.3961982007897466
9856,0.13533617334191717
4498,0.2959208846447273
7450,0.18179778297059015
6899,0.2743503101592132
5649,0.8936470383209255
6086,0.3184787102695701
1618,0.18717813916511625
9926,0.15170754198579067
2847,0.23632863498908155
8099,0.6365177223870783
5724,0.3413123060894778
3358,0.17382455539300434
8136,0.2674909379468531
955,0.4669722956851497
8819,0.22251835796882008
5832,0.6810171663117109
10413,0.978237806224297
6548,0.1842662763861414
8407,0.420554170920707
10090,0.2827941425969966
8564,0.38139525257934104
808,0.8771394312439236
5303,0.22809795145824494
8913,0.839488169116645
9425,0.894962225074463
9543,0.9554242161982017
1219,0.5759236302162367
9575,0.8362634621407646
4019,0.5547360277235864
6223,0.9311401346436851
9588,0.17987529593881008
4739,0.24384475341449094
10492,0.7849232440450389
2017,0.3690772919226636
5524,0.9166229244915926
7449,0.8969392646523603
5734,0.22816105904278905
5456,0.2516318078792535
797,0.6095457644857369
5525,0.32192529607764747
8265,0.3041737721662198
1981,0.9544447145248689
8977,0.8821211376658762
6241,0.9232878501385082
6021,0.5873684148339234
7720,0.3429283179313347
8632,0.2563675948611453
6705,0.29136670224226746
2476,0.8027185223923198
3510,0.24575901558208635
8887,0.5877313841109301
10115,0.31460736017016905
9061,0.26198125559871815
5570,0.30701996714226976
2763,0.6448814907086903
1437,0.6366686565998927
3448,0.1945395764064445
3529,0.1405884782924504
3156,0.18847978869531165
4604,0.9066464975620891
6776,0.6602770116926135
10227,0.37206731984018176
1545,0.49488378043690034
10487,0.2456986771302739
993,0.33017854383767664
1161,0.9549525403001514
7975,0.9004687396508404
1591,0.1802086329798354
7804,0.9145485052629228
5048,0.29170613377562915
10454,0.9332723378468695
3567,0.27663934983896665
5886,0.49910622879318367
9937,0.31748430079999856
3931,0.5586681018910027
9706,0.9488249051465337
10193,0.496994342927165
5569,0.9437090312556182
9747,0.33649471764142636
2217,0.9370572216461767
5936,0.17540760374323616
3885,0.7859453566494686
1086,0.2786252479932474
1799,0.48795031136378547
9763,0.6281536780244149
3299,0.21849976462460574
8268,0.9237477229041333
473,0.12056779229653042
337,0.8790865978558856
9381,0.7356582720230914
6426,0.39273233545087943
1210,0.34880310179525403
4986,0.7452503224842911
8285,0.39254497111069653
2024,0.5728315020975467
245,0.9177752028417137
4807,0.33104035250149977
2208,0.5997389341873574
9835,0.2272390076440114
8963,0.5168094870169933
9946,0.35262556304807513
5230,0.1998665571171225
2788,0.29059493949254755
674,0.568219268138206
1629,0.8405462328386543
2300,0.3845339698857096
169,0.21662240591176635
3575,0.9474121824887762
6910,0.42716143941963874
1479,0.27573235930298634
10498,0.6276443312801421
8062,0.6823945012692145
9672,0.29019630139912694
9467,0.38757298896351394
6763,0.5719977411434907
8508,0.21461616418011245
1034,0.414774259553612
3756,0.21467375616139853
9263,0.35434730463839625
8141,0.2513585993099654
532,0.9751447095286457
7022,0.23923371381286124
4024,0.2838719793782805
3298,0.3368290418712365
5641,0.19797598058036356
10455,0.2108410965213756
5206,0.9515711751927315
7005,0.23686496129270546
8971,0.17298491471198055
8358,0.75621222766408
257,0.1963532707992437
78,0.8763574397745549
6333,0.48093327235928485
7969,0.1830815530619223
2505,0.5199789304878546
2004,0.8011584802088236
3748,0.5120843332627586
5668,0.5193708552605624
365,0.1457348430377562
9651,0.38369224357145376
2324,0.14408474891458795
3902,0.2140669481625818
9294,0.23511422030048693
5377,0.30782619370317377
2817,0.9476485969221472
7670,0.12899779099959846
4755,0.8771745759149119
255,0.934005146200211
2714,0.5459575747601287
2922,0.33665971389395655
5517,0.6751339185784935
5157,0.8250604436051492
64,0.14182455588689824
5300,0.24938007601979853
451,0.19964869003688604
3941,0.7977956214769863
326,0.2971928876768645
3757,0.19208269823033172
8798,0.45471888698914115
2315,0.984793157528318
6755,0.9780254833581045
2916,0.5127184790075722
7406,0.4705175889705513
3703,0.8580068053747767
5403,0.3958852998333679
622,0.27465530969575835
9,0.2447474865347948
5848,0.5462476849295419
8670,0.28143764873599597
1156,0.1619829069328459
10179,0.1820334385783576
2028,0.9205887528032589
3924,0.7801403657943087
620,0.1482271200727629
1963,0.7666395672783929
4537,0.38329286280745306
8970,0.319183663558787
3024,0.9517607168279202
6140,0.8866755020090287
1866,0.23383105352558384
4442,0.9205328916029016
2312,0.3829675512621277
6749,0.4333282315598098
459,0.63474082683795
1516,0.6551480741647022
8817,0.32295578207628134
4912,0.13717559718174532
2076,0.34946601153474605
10023,0.8710418330993522
7684,0.21793341613392372
3531,0.2978405197811494
6209,0.6208140400512349
10508,0.9712335652706705
8678,0.6342317462978826
3541,0.40351457304247434
1208,0.70940568927126
4090,0.6991025696840794
1097,0.2207912099340034
5099,0.8275703242327487
2816,0.42486501940397575
4291,0.46723371451480405
1409,0.6727548295112038
6401,0.23286178140139677
4617,0.715327099863458
6111,0.19404583785671148
6172,0.959870192996943
10357,0.1990265870709275
8465,0.936970612403815
3867,0.20595873276873694
9495,0.8954359668125551
4348,0.4950857417146182
7879,0.5069218728745531
9273,0.6948213117520031
3252,0.28185782524441527
9167,0.5835303977697756
2573,0.26969127413103033
7395,0.8075425003882634
9046,0.19380036557962843
1526,0.31744609738700774
9339,0.17415583430190335
10301,0.9344125198184542
7588,0.6846261659166469
1104,0.08687498010987123
1310,0.19024382298065237
6631,0.15196610344067144
10475,0.16287256716340004
9090,0.2676672123889013
1528,0.25654591141785477
1657,0.8624215010582771
1175,0.1940126848262428
1895,0.2192631189341169
3864,0.342563745747068
4700,0.242835002440952
3572,0.41178818776170634
10507,0.3477567909606156
269,0.46369334922199956
5744,0.6722792537233403
1687,0.22378558070806343
3020,0.4461431771708821
4974,0.9283374475276196
5119,0.5781915443597823
1916,0.7968068457604081
6687,0.9455730590256002
2197,0.6217713428105031
8641,0.16313001526736523
10073,0.8863836129639732
1967,0.26043826878847387
4999,0.29685976505783696
9816,0.22837676003908128
734,0.9166159232446353
9665,0.40494056053602995
5092,0.942308961442886
2591,0.8994371426868806
9877,0.8574623966206824
4601,0.9611321584272814
7734,0.2357553102071854
7185,0.7911072692296908
6405,0.5231845550453371
7003,0.33548598939803775
928,0.21852560899416368
6490,0.4005918190334788
1586,0.20802320024465984
10139,0.8809607834642822
1192,0.41968997121638185
10526,0.17860868033079194
5544,0.8638052952310256
8779,0.29241551127462256
4497,0.4480487233493751
3059,0.9248550877408237
2181,0.3363344638409597
2303,0.30334045110209995
1190,0.68476734121222
1468,0.14908493505772738
8771,0.34578615101031523
8997,0.7490508021586572
6365,0.6674996626349319
10355,0.2827817504828957
3478,0.2548026356087333
3764,0.16654263862845617
3542,0.2168993206440081
4941,0.3258385054536384
1840,0.7060218594163642
463,0.17869662929917843
7407,0.36094502465350425
7711,0.6158141124804184
6044,0.20684829371867466
3750,0.9380475133952677
10114,0.1746408061315569
1332,0.7191747110894865
425,0.9258667619603858
3479,0.9315013424952041
1979,0.7636094035602065
2994,0.665320095384586
207,0.39611239605845233
5820,0.9516653399262528
9187,0.4586781601749828
5423,0.9040400931630791
2743,0.1649191650483621
2902,0.9252454998976765
9126,0.9239190738132691
7903,0.5453156892105426
4100,0.531228384706968
3578,0.552681732810874
6061,0.3710863353449368
5081,0.24695916195577025
4575,0.15800183911357693
6695,0.7933791598765242
5960,0.12390851964224815
10186,0.19841429357072166
6795,0.3737676185898615
10022,0.2954704215681672
5841,0.6388176348329201
7481,0.30286279187372483
9331,0.4130312201199865
400,0.9274891429660915
6907,0.4318696371502104
10393,0.8318160981232506
3709,0.8676048689144196
4726,0.9149627610117571
3007,0.24640536516380643
4723,0.2622585126159015
597,0.18974932019116408
1810,0.7829679580360842
4131,0.38137769976820046
4697,0.7163249894519926
8838,0.8002010363782691
5956,0.19572281115722776
4196,0.7237114204430702
63,0.9104088422339709
1714,0.28274023751762856
904,0.3680961911945938
9715,0.8879731402661637
4,0.3451186754004081
5462,0.5042481289222805
259,0.17889068923215345
5418,0.20573768428936168
6849,0.2404691088990002
9893,0.28455359409188585
10003,0.9061066596777189
4976,0.21733908676750713
7611,0.9403482230201105
900,0.21771711630648666
3746,0.5560826955236379
3893,0.24396803418581267
2966,0.11508847267321567
9667,0.8553633162584849
9734,0.32423531429964525
8123,0.2889646671453554
8470,0.9380202638330457
4058,0.33329032840609707
4623,0.9235131364440279
3782,0.19648299426378493
7966,0.4725679193287734
6003,0.5560951571612461
2168,0.5518289336792042
422,0.3069332755081746
6381,0.4167402566584039
1136,0.6103192068712788
3443,0.5901057469927034
2214,0.5058772520720077
9973,0.9364137216639608
1593,0.444308402955218
5474,0.4658820822670616
812,0.9709866301135536
4703,0.15325420656696123
4294,0.9146346217519752
10021,0.14468270273983616
395,0.3025042677132039
3237,0.6201601717031765
9099,0.2401338933247209
2401,0.10298059459399304
10371,0.28224402265844095
3420,0.7937851029423234
3460,0.8779732296367827
9088,0.4483686098163734
5995,0.9306707442287016
3084,0.9321020321266839
3595,0.33437444854862197
9524,0.9356481308724518
167,0.25341373000401296
9743,0.8996985488127375
6109,0.3356507719472352
433,0.19813712572303752
6292,0.27397464953884026
8125,0.3557375007988478
4035,0.3560824102525351
2929,0.6899303168824586
8810,0.9455408647026352
4403,0.1972523701502732
3925,0.8462970417174712
1290,0.7015233632531532
3689,0.8562461204048643
6709,0.15028902412809014
8021,0.45208954067673846
6237,0.9031041320975053
1453,0.38499490657000784
7340,0.24203521440431336
6078,0.5822772759526015
2369,0.14096252268186715
1781,0.29006745202936224
3830,0.9374165502155537
7625,0.33756849841080666
8150,0.24148525157423278
1680,0.4073697524401589
7077,0.1989778241304594
3360,0.6288398203135434
7927,0.8942799399197322
244,0.21450853614873258
8107,0.7640777846830213
820,0.9227866124360938
5915,0.9360016731926597
924,0.27143551253772924
9207,0.657002171780563
4077,0.8642530053581866
6052,0.5945564707189376
508,0.9097415292735539
8105,0.2801949690633914
4405,0.21140720755115466
7558,0.22564355677777242
6094,0.8660682407136154
484,0.8432055168827653
8927,0.3219997173982488
310,0.2630528974108707
8075,0.6809893484899537
1094,0.26752547852298614
3211,0.41259425101668645
1700,0.9265850409283919
4816,0.4450339413620755
9354,0.6718999917362336
8845,0.5079256184402068
7530,0.8724208861203319
1520,0.3186716638925707
1087,0.8585414808744528
5786,0.5311068438677181
6847,0.6846862887463018
999,0.444554010057339
5308,0.5248352590844098
6569,0.8471056964129491
10200,0.2189837327186845
5868,0.8145814098808561
1757,0.26341322543835644
4625,0.875391521390602
2955,0.7961911700226219
6187,0.9484511270933605
9931,0.8329525398467903
4883,0.47509330968622504
2488,0.8258991101020385
156,0.8832172610767123
2820,0.4142204799680174
1311,0.3455658798723506
1517,0.40432368030019905
3640,0.2320816612209723
5763,0.16362200974787766
6689,0.5254656563596088
1193,0.3948474810486558
8217,0.7398301255225016
10327,0.5292064375130746
5042,0.44338535520233174
6903,0.25063624938586104
2068,0.857692605288137
7614,0.34425046872568443
8842,0.16584071387366112
2445,0.3936728865016495
10276,0.3408507537754015
4931,0.3314293804798465
6842,0.5394645261376115
5927,0.2808741037377784
6207,0.32589890923526205
4539,0.34565764707713753
8721,0.3271204243004565
3618,0.254431933875775
2580,0.20286462826661325
5321,0.8184332993218029
3181,0.33826568450874456
4742,0.34823888192990055
3340,0.7222256849358802
8310,0.8899830291065434
3948,0.5209246913938949
2126,0.8124471117874933
10436,0.33966336159691796
9635,0.9277050231112116
9022,0.17892836960351988
8576,0.13235269034801694
2522,0.17277065772525046
7341,0.8328632155083426
7377,0.9046994869776233
7636,0.36828026762447563
2536,0.8569871655238309
2706,0.8642902195065041
4814,0.3823564456563832
6032,0.3166244991199807
2630,0.44764796197859225
1857,0.4383766712309828
5412,0.9451165125472261
1957,0.22600423506962156
9805,0.27280155322759125
9256,0.3548910644932749
1055,0.8335198963819159
8439,0.5456669528902697
317,0.433758680473172
6126,0.16795174799664284
9970,0.4412003825616238
6008,0.2733725629108623
2811,0.27721437240599944
10214,0.2328649250161089
10337,0.15873372123519738
6563,0.30797013497554404
5611,0.939605109398207
6358,0.28151275137191045
8446,0.2630669754344068
974,0.3911674240628521
4839,0.26646249456800075
4806,0.8124125755186514
4597,0.2641620384960736
4649,0.2607995669454522
7744,0.9412377303005642
5826,0.5054479162706661
6118,0.29527239499025404
6785,0.22886483467634
301,0.8785427655128426
3192,0.8966152103840703
9854,0.660625209312938
9227,0.9126431478074579
4768,0.23600924134494258
2961,0.23804125525641892
4564,0.1564188362191301
2484,0.27426492584340295
1606,0.1307619426073172
2864,0.13966823878295465
2884,0.23656661408589447
2753,0.1872525620870976
4366,0.47746943303396017
2470,0.40888696905568306
6369,0.3149552974786221
2754,0.24115466083955425
2501,0.18733814006051844
8890,0.13252298254669959
2093,0.8783812555188255
4937,0.3445431665032962
2850,0.32875341187492324
3706,0.16209071300059255
6645,0.8734875450311356
5799,0.7755337325297695
4229,0.9224745281052005
4900,0.30052203441119396
7883,0.2621601223467715
4629,0.9478968553404813
6459,0.6808459097603891
10381,0.9201078555125006
220,0.8493320550003074
761,0.462202330376564
4264,0.9361419933449178
6633,0.5472751529170059
1424,0.9542541808444159
7017,0.2866688202571558
6901,0.34629302608675516
7126,0.22797209849391548
881,0.5214613452649733
6382,0.3901624841892006
7502,0.45519281217288243
1911,0.7472208516385868
3076,0.34323670748497315
9281,0.24381530161511783
1534,0.7028683175090507
8378,0.20529776116738258
4717,0.8810656282529771
7012,0.9746192384452237
9028,0.43138801041034197
5407,0.5908541208593644
274,0.557522572280411
9465,0.657756822168344
5164,0.31391686148941955
937,0.40301302590595206
5264,0.9288994971192498
8051,0.36425593417041396
10304,0.39384584011740514
2403,0.20638590117772845
1697,0.8712330230959329
8142,0.21576375978880546
3734,0.17642550599365245
8487,0.24047730053606026
5123,0.9461096684117557
8726,0.27453889959535505
2336,0.826378871796894
7376,0.13846704983940283
2793,0.37841079421023066
1998,0.21317667910649088
319,0.9136726940739254
6783,0.19410656356580588
6911,0.8407996008622486
3078,0.9336109274238795
3310,0.8773404117664404
4790,0.8371636516644029
2712,0.43713841259116787
2968,0.9341336295742841
7777,0.6584522912024989
10442,0.37692660547517537
1654,0.4424350797871828
10438,0.4733420343223507
4509,0.3269534137282021
3963,0.19630254741140624
5043,0.25313912388804416
5421,0.9563236958617907
6465,0.2628485353253601
8034,0.8585650297972589
806,0.6072594949565675
1090,0.2978471856176468
1566,0.4911655374148168
10187,0.5175322913390458
2634,0.9479146236088813
569,0.8557473261440235
135,0.21958828539618014
3732,0.8254619043518381
6247,0.801347162334373
10466,0.2534389823912586
8429,0.3086586269423538
6725,0.2403184531572534
6128,0.2042578213633687
8496,0.2738905049546222
2433,0.8460407765781588
5552,0.9345440868368614
7122,0.5470905259096986
376,0.11027067400031271
796,0.40600800707977
6121,0.4862867915200899
8960,0.678846800047437
5686,0.2350268627111862
2213,0.6111074418418376
6602,0.7266398340397622
3357,0.8911654878742831
1997,0.2663579667203755
691,0.30676876394145325
4370,0.7769588662722305
9660,0.961878499391408
7189,0.1306221342310109
6660,0.27879987809687
2074,0.8873464004313348
5375,0.8933334320662953
1816,0.11803196256235302
9802,0.8792779206696546
7654,0.9524052425954794
3784,0.7901183481487334
9604,0.8950644965747037
6397,0.6075224473066955
7125,0.8467932969764188
1460,0.6297800044459555
5718,0.47919094822917274
5452,0.8728000247655544
7064,0.6564701357420158
8272,0.8967187088188054
3620,0.9555910638650625
2772,0.42702670902890394
5150,0.2540900766294509
125,0.28178757410247907
1005,0.13362591952218636
616,0.5702326246192266
9056,0.21834395475304785
3972,0.238334064831862
746,0.12419086412362995
10286,0.9609032115443937
723,0.6996306958932744
1283,0.5208642596004731
8009,0.7178946523895704
8509,0.32869988420405305
8220,0.5650873190247132
7393,0.9127095638478958
8499,0.27716611064994634
3789,0.18163828971225457
9658,0.5368220666561458
8171,0.3151620531662554
1985,0.4113879496412318
733,0.20185898004713887
6706,0.33751839774437514
6282,0.26072913357365357
7243,0.25964767350122814
3995,0.8624599035354771
4375,0.6187411208004419
1647,0.3808976956308877
9306,0.8697988113350971
9272,0.23368355666226892
9464,0.2106805617467867
5340,0.28346195563383825
5475,0.9497455381701906
4911,0.9243450521724801
9315,0.6358427684972088
811,0.2824246862886123
6395,0.469257699312702
3229,0.2981528136350648
2250,0.6357864770521602
8433,0.7193392759051334
10428,0.3767049305803334
10461,0.4109178629450964
8408,0.8574421969977455
3945,0.7535515004669491
863,0.9293507672192827
4683,0.33861126519055423
1162,0.9509807326680708
9132,0.5152432132755606
1076,0.1638383403400917
7236,0.33322723377627317
3218,0.4430519641524703
6866,0.1316232621276228
4997,0.642550421276915
9121,0.2733186395256255
8696,0.25559000690029476
3313,0.3907961925473302
1421,0.39426511183219615
80,0.34041145652469734
8163,0.45249055003250155
4583,0.9403615193359102
4053,0.19244238719123347
8693,0.2534011717183674
4139,0.29056399409989636
6976,0.4646210851046261
3549,0.5849513033035537
5534,0.2010869660402849
1638,0.8560859872258094
6375,0.8235403131519579
1008,0.6365455649873225
9120,0.8781481251441967
8071,0.5666423720211697
3266,0.9452447276390189
10482,0.9615950500645423
5288,0.16235487567050524
6302,0.42474597591500235
2183,0.28773759640740787
9199,0.2192002322233613
5441,0.19567972856051893
4418,0.29144515759268297
7287,0.5963383021328424
1532,0.7799088925861567
2978,0.40451665372782714
1230,0.3644047233777282
6423,0.8621001695872619
9643,0.28058119986570196
5142,0.23537016777469838
9368,0.6838798230551558
6132,0.8136674126482227
9031,0.4469521309174945
4767,0.9563111428274143
844,0.27822598651105873
10296,0.2813567384022266
9045,0.45773741700104986
10469,0.2052883261867031
9223,0.38288933542051456
9340,0.2627513931229242
1226,0.3522605345346813
686,0.5273928873867987
4037,0.9859972905651351
7620,0.3604595251164462
9322,0.7162705447384619
2943,0.2162420384448969
6549,0.37121878933977653
8124,0.2422917479497542
1803,0.884210972006994
8025,0.23538053268015136
368,0.18362967149735065
3660,0.31535198466097775
4943,0.2550679006219552
9143,0.2422839965883971
958,0.7005325416771557
4272,0.4273681375421111
200,0.30112784946885723
7314,0.9573585110660813
7827,0.29981686009949804
252,0.43905891349024495
2242,0.8909525150202044
2804,0.18779194448383785
8802,0.23624365327205246
7645,0.9023013861102356
7228,0.9254847249058796
9200,0.14799739396963718
4738,0.9366510788035121
4513,0.9275923945808234
7999,0.250528239862004
3938,0.27332875244728955
8127,0.9263179695912793
9265,0.23690215644793233
7353,0.8272812631048914
4772,0.5849637100544051
4461,0.18197757919073698
1335,0.4009817639098007
9018,0.779975597412263
10460,0.9742612352197267
7956,0.23708456118710203
1238,0.25302116516426904
2552,0.8614671440108146
6517,0.67211619513008
5925,0.8281418942381841
7413,0.25850303333870095
3728,0.18845571256624016
1103,0.915340826138577
3704,0.6944700086900887
8413,0.9104721178121532
4533,0.812017284330885
5449,0.8342078856816579
7306,0.2978793889521304
1401,0.931766676410888
7365,0.6812472164170664
8363,0.167630696702402
3656,0.8345508391584544
5683,0.6154996556242575
1940,0.3584674645336515
8674,0.24743881435639628
6745,0.21245322339021228
4431,0.9607681883288034
2263,0.9265654953268616
7506,0.8113805529036783
4059,0.9117492450081545
4588,0.2971167933324192
8692,0.9131332560543215
7258,0.8697463835321831
5448,0.9347525515198293
8865,0.30216094365715046
1119,0.3144158947831546
7642,0.8904158719536635
9981,0.8825256899873805
181,0.8940047228182912
7528,0.5289997849022249
9086,0.823161201794351
4963,0.2932893690107386
5292,0.2599784979808376
1254,0.5488074767174913
2125,0.7983257238499464
5601,0.9179899194991942
2758,0.8988754306183538
1922,0.4392882948998141
5440,0.3602457506817968
3001,0.6890864543855684
4011,0.3148955456444863
8604,0.5818250163481847
2779,0.28117927544776633
1568,0.1637805258003559
10123,0.4900753090788999
9053,0.5182074352893404
8028,0.7782579405834208
82,0.4856898922806911
2845,0.9263904248509037
10221,0.5876964374106809
8598,0.7850484106974405
5011,0.940737315368055
7401,0.2851987709138279
8687,0.4681657913168065
8767,0.9094561004562776
10046,0.19304746544962645
1920,0.39247240239433834
4364,0.9154746098276866
9395,0.45945921983613364
3602,0.3718878852745476
9038,0.26738412829047964
7786,0.22068373858689097
5106,0.8016197857045909
9337,0.20831104508129136
1575,0.19081649922287983
10291,0.5074771505555206
2965,0.9315226183584023
1478,0.20811482035664167
3625,0.23024958923505304
7329,0.9245705022722575
4116,0.5253234721936996
9136,0.2639185352010547
6870,0.9639406067633374
4073,0.8136649749263624
7863,0.35881789247424073
7437,0.2099820922059515
278,0.9299360715082274
1977,0.4323417682579983
8570,0.6460444765000067
6800,0.15939050858621923
8964,0.23900124957605032
7534,0.932950918675083
6539,0.885276029023316
645,0.5833537046820281
8223,0.3174090378380573
610,0.329771906316157
1512,0.8471021719673059
8340,0.8898941933014471
4524,0.2712246799089845
7465,0.31013148946768526
6313,0.3371740527138095
1873,0.2582340701202511
1015,0.8839607146485702
444,0.2202328050331676
4967,0.6301455680866251
8988,0.8641235743525306
3199,0.6820816487344797
8020,0.9413824409893211
6103,0.264751142034821
362,0.24998722945821672
7325,0.8394271875395157
5730,0.34772173370771897
10448,0.9553308907425606
1452,0.33191421729827814
6669,0.5235093941821903
7892,0.6385599864250712
7859,0.9600236029531986
5866,0.8963078607933913
2970,0.5324103717339789
9609,0.3565097978493947
893,0.5629982638587951
4176,0.6114082257977722
4280,0.24375668372057668
3970,0.2354521336292032
4516,0.1312612815126713
7503,0.5141069151003408
7955,0.8966758726583185
9852,0.7413631813379866
8380,0.8956666963044514
9284,0.9483477577343901
10386,0.2197711128196983
4004,0.5355680679749076
5328,0.2995585648062092
9274,0.9004518086936427
4646,0.44504030494273983
396,0.9260734312284473
5513,0.3667909961122655
4117,0.24164954872965108
3751,0.23477759034158213
9767,0.4822409534946419
1071,0.6163964225073285
7812,0.8333093703123461
5059,0.2103810098827543
2667,0.3027480545135125
9304,0.26090917843858696
10385,0.31697185631148483
7930,0.41699727907125206
5225,0.2504497894787879
9839,0.20542232843020006
2831,0.3674323198854982
2387,0.23639183203842729
3433,0.5669814454906347
5101,0.4656857664941803
6357,0.9072518961580246
5476,0.3936561295021845
3807,0.9104076381351732
10232,0.24681183675582694
1508,0.4763542549713257
6993,0.7586113592243627
5505,0.27667768453208563
6009,0.31805452900130765
5301,0.7340539348250803
6766,0.22260023934099946
2248,0.6183512886805732
8572,0.3302570847712396
852,0.4054681582491621
7871,0.9398913178760481
6926,0.5669617501571426
10220,0.9437574599620515
9007,0.936173755969074
6990,0.9612306157931786
2012,0.5879378739774125
5645,0.3737342481408356
9091,0.8848221518199686
3797,0.28275165770853417
7201,0.2904320635133603
672,0.8613893284667987
1257,0.8990052454655639
2010,0.22238556023727893
8222,0.8974087824976519
9636,0.414121492555604
2746,0.6548061989978201
2919,0.8083074882158845
5231,0.26064111824920466
5625,0.3384879272440447
10254,0.46501610641283814
2651,0.3782859239530599
1740,0.9246231374943414
3212,0.6275556247760863
10502,0.24625699654877758
7139,0.28883862489356055
7210,0.5184256373610898
10049,0.7518187922082236
1621,0.32883137335886037
2301,0.23168605428593406
5798,0.8854500021389077
3812,0.8971198735256123
6190,0.7002619127138354
5503,0.20654826523276676
9972,0.28406753656523936
5646,0.27557316521179454
2003,0.9218019920910496
1069,0.39733239315928914
9656,0.6484270611134804
279,0.9285901319614251
4328,0.6478202989293176
7105,0.3462330567737069
1643,0.2773624678160123
3108,0.3029580757592559
3106,0.28135370120437075
1626,0.21610337645855882
9838,0.18975925421622772
6994,0.48453319940111356
3463,0.1346259331144025
781,0.4516274846308413
4337,0.2236712196818405
1639,0.24425941886447392
416,0.21160930696859884
7687,0.6515570506175555
9610,0.23936039693560385
2519,0.3295964902992205
10210,0.2747722047742111
8633,0.9355037994978506
1276,0.8864078573636563
4764,0.5051229877133029
7674,0.3763875129670686
6550,0.8746683593122867
3853,0.5892335868918313
341,0.09990196739454067
6258,0.15781346032522822
1884,0.6604356950589848
2855,0.11567795014270263
2196,0.26902556862067567
5326,0.6634145180395219
6380,0.17652782727957508
5580,0.2100112614093819
4563,0.22984545331718106
10414,0.7204806147798479
3226,0.836622743186544
3175,0.7636359990086481
9457,0.33019466342022197
1705,0.21691188499386493
5910,0.24663447150096893
375,0.45042934444852817
10333,0.23895925348926156
3852,0.4261892848245815
1971,0.171535892668673
8720,0.5201591298772497
1860,0.4833541002369606
10349,0.9595022376793971
4605,0.27744038179199854
7358,0.8644811211473359
8258,0.3842848948187712
5678,0.19643379086916485
694,0.8724117734829767
8482,0.24170281672329666
1924,0.3730769748445573
3716,0.8172893855846425
3282,0.2921607253736947
5746,0.19980927442760307
1518,0.25123939472432155
8741,0.13704128154688439
7630,0.33818797986309096
8276,0.16945960464497123
6939,0.4764616703607672
1435,0.7195886364596196
8157,0.361535585656807
1041,0.321611292440786
4478,0.704651283313006
8307,0.19608943702202275
2094,0.9475981675291819
5916,0.4724172083047561
9848,0.9252279931892627
4803,0.3695887583690467
2147,0.17980556756067725
295,0.9297379900696691
861,0.18014309232472303
3822,0.28732840844171936
5609,0.9253433490039594
9450,0.32498351886973786
4122,0.1529274982454963
10558,0.2970164541137478
4285,0.27270981899154595
6184,0.8405204590926025
7295,0.2526330939532752
1926,0.9365572884802527
5026,0.1373031821004653
7952,0.9249652476745355
4194,0.14905453848491518
639,0.7430816372063409
2130,0.22446430092105155
3119,0.3104932561082783
3251,0.3084831038174118
5803,0.17795927626653105
9553,0.3540394587977506
5937,0.9357487406732311
2133,0.35208890494161965
693,0.2134398644780016
5944,0.4697058169267419
2227,0.4855921722124961
9915,0.13536583538505254
4044,0.6414694179823218
6033,0.20612068360930924
3270,0.8624062147738987
7050,0.33547806508074957
6185,0.5317706984122773
7984,0.5078318894895228
2109,0.8990933494329348
2244,0.38292989319047493
2481,0.15658617068352074
4332,0.9331056003647724
6016,0.43421972390328956
10162,0.6786781173771432
2453,0.4956375615515752
6228,0.16817482498979222
6166,0.2791292973670384
1411,0.7256554915628106
254,0.46853685774645853
7479,0.20421110258744843
1476,0.24959357024374706
7801,0.7214921246580025
4988,0.2588177648425117
4694,0.3077210243741021
10194,0.4760857205224349
2574,0.9039474488804772
8334,0.15585691137496077
419,0.4060425311541329
8643,0.9082322081387313
2548,0.3037043369069663
4615,0.9352428574968092
8772,0.3147603211765492
10463,0.8906593232477763
6756,0.4392885886125384
1503,0.9266017815224006
4095,0.20266365323390115
1723,0.878873349192221
8829,0.2793428834559899
10085,0.32678654992996453
4796,0.24397625798829173
9756,0.22300386289262591
2158,0.14580177704320033
7273,0.2914958972570364
3056,0.3017388308810613
656,0.5616875195370883
3074,0.1623467769128081
4661,0.7175409089757346
3958,0.5437157087183201
4311,0.19407055330204015
8375,0.9707850150417259
7442,0.4666601228046496
3839,0.5181806109136259
6179,0.1888009594335313
3786,0.45839835797907497
8520,0.9287570111513679
3664,0.16780443199364145
2014,0.8530258612376329
8298,0.3255942429680699
4220,0.24841968077266574
10127,0.9677354429111302
6182,0.5608455984570118
3206,0.8455954068795218
8503,0.9457784368925352
5682,0.7610190043568971
5699,0.15639149373009242
6215,0.8946760089055312
1394,0.1665120394821079
9582,0.5431056421280326
10070,0.9585655347821586
4940,0.9230477754991806
4193,0.19823568992629031
3400,0.6052392707449689
4785,0.23709376572296234
7460,0.8549498653492704
5838,0.359378849577581
2503,0.2974725058866853
2730,0.8987497939539646
7156,0.28242632915411303
5511,0.9019477301070054
438,0.7321848256583461
2233,0.9425801385496664
2016,0.20051596053810064
139,0.46544971233799637
384,0.3012396250530423
2313,0.2499615527829232
5145,0.9525729850682221
7864,0.3250794126360991
1195,0.9256185319004703
5365,0.15201632972991466
6977,0.25682394206834447
10001,0.31417422036386694
567,0.30130906286748743
9950,0.7150050869977981
157,0.1283225158859046
6553,0.8918432393197296
7337,0.21116081553558852
349,0.3629795621830482
4874,0.407868534480494
10313,0.740074696388171
8421,0.5207027140614604
9469,0.2437780470994406
9314,0.8947598174317662
3663,0.1783907557141787
7216,0.16312905778369527
8871,0.29670143218778905
5743,0.9197941573202313
2072,0.5514247200444139
2654,0.1202093168893018
5908,0.3041285537382564
9863,0.16409947687322993
457,0.24893480062733706
6965,0.16330358448604182
3030,0.2912395169995976
7765,0.247505249293854
748,0.16460403719995712
6304,0.27603039142219404
9606,0.29496846639076635
10351,0.24825872591845222
406,0.7694061258591972
8120,0.16662276224550845
8486,0.8737976841678979
6998,0.9478233712803126
77,0.9015913787114582
841,0.27291050567492126
7709,0.14046419969306037
7404,0.9298180494201913
5606,0.5315481606839272
965,0.7843954471181269
3163,0.2405548285956196
10192,0.32860928839428677
6163,0.19330672992501333
9865,0.23560336305954183
9518,0.2016269433264119
1267,0.21008663435066743
2051,0.9621071203090918
2046,0.27630046677103887
1464,0.9385671541371883
2153,0.11150090383030249
6612,0.4132970093716114
4971,0.4833568411840732
866,0.1880063002404677
4124,0.26010875428222185
5086,0.7284293808095308
4351,0.3760942701769407
8101,0.2049808886706635
7912,0.42429669317920266
2504,0.8367808054424508
2837,0.11497298538035
2034,0.6249401480598556
4844,0.7784869715787135
7780,0.1906776968042128
5901,0.12057731926698158
3296,0.2825578224631067
7299,0.8658402452414055
8574,0.4529589438628139
7472,0.8952140182890503
2276,0.18463437400736554
5980,0.2846108268252564
3184,0.4363318319099177
4359,0.386999210177551
1064,0.6307307850659402
9039,0.15150188364671086
6376,0.27059393356485917
1706,0.513198976829478
7970,0.1601733572480248
3540,0.7428912758781024
1407,0.4926679765958351
4561,0.3798810036998605
6691,0.9355771296087378
7172,0.3054412229294079
1923,0.412811279832522
4407,0.8808197674260967
6777,0.26152903762181656
2600,0.47378135762264323
1936,0.15609762083781928
9778,0.10604909059446069
2766,0.46759707008015916
6668,0.838649474147034
9013,0.42924894124510454
4319,0.19466884438692794
3263,0.7943096653993068
1612,0.8417068290009259
5132,0.3048176672651932
216,0.9532799408157531
7232,0.41108751831698426
9373,0.2442975966798453
5030,0.5006437486978422
10107,0.6770197826063649
8309,0.8223061445280148
8449,0.7714372980082614
6961,0.23304225396927222
4954,0.27510035200186983
7344,0.5970171493024721
8146,0.935090178707789
1132,0.7485860291018518
6145,0.8520816261247186
1353,0.5784599180954242
3624,0.8905323194641799
5058,0.873463532555324
9789,0.44945410015252557
7290,0.2893774807498139
8583,0.35191666479785116
1088,0.8599049391716651
9210,0.6187593635398387
8240,0.2984278695511995
3326,0.19774167422766922
6315,0.8325767820725164
8410,0.6893261496342953
4535,0.1995197936339865
5991,0.4201762774135808
1874,0.41858198358221976
1898,0.21191075608161675
3557,0.9460700388275071
8587,0.8983243873487112
4190,0.22720212659508207
7261,0.8138482576091826
6854,0.4192218059145532
9375,0.5288145616844726
6317,0.862708827700552
7713,0.7603005825819661
7058,0.9432548048584444
7628,0.4413544167032165
3513,0.3939901352675296
7953,0.9469881802737617
3445,0.24264505510634207
8461,0.3907594886935062
2834,0.3203224948398186
3414,0.500007935551201
9262,0.8981188624819182
9235,0.19694277161067258
3146,0.34484085830416455
3379,0.2818938520721434
1701,0.3353780869862692
5527,0.3079456948327565
8031,0.5828277980207353
4032,0.7599479152746293
9782,0.7572413691492945
7656,0.722254663771219
2985,0.9271014701901554
9334,0.7115778567605184
3343,0.37094728656105996
4760,0.3435301697403212
10311,0.8361845651301151
2609,0.5501875196359873
5117,0.21329639110166937
6724,0.9314721521443516
671,0.9360727617681178
798,0.29546717960074764
2341,0.41385665756954093
4262,0.802943294007386
1950,0.8995072305748814
799,0.9344734661668047
2575,0.8266532679999381
660,0.9395986103181941
6432,0.6854956132433143
3168,0.9470939422893823
7435,0.9425592918780679
4010,0.9640849674372397
2882,0.8158106210707841
5930,0.9079927689232304
7716,0.18608212386401266
4054,0.270876148590339
3148,0.25753208871273964
670,0.3451099738222119
3519,0.330153529397037
5770,0.17014669335502422
8876,0.6284537485278731
8357,0.5626962955613679
1620,0.5877655192256745
8558,0.36035238431467254
6786,0.8112397700842277
3825,0.2564148327244521
5857,0.2494698423997628
7685,0.5212889964639287
3947,0.26721925779082034
6449,0.2700969261313837
8636,0.40267219986343133
6046,0.5766541530489651
3205,0.20120915760509997
9435,0.9253001085881846
6865,0.19415705811704084
281,0.9521747302719741
6922,0.1645285029584884
3536,0.2382195658548558
4555,0.25433184227932637
5364,0.5126932215026105
2483,0.9131070767248095
3524,0.7403010609159193
3117,0.4287674152092252
1152,0.35019199463776013
3912,0.2424801728041966
1297,0.8161381124159518
2896,0.15129120596455858
5804,0.9142131096947751
5722,0.6762287745793236
189,0.15556734922541013
2376,0.3953295679346614
4635,0.3434878970295093
4801,0.9098656198381696
5972,0.2677359678428461
2461,0.25407147483063525
1168,0.16736964947502475
5136,0.6516295849781684
7806,0.6204081409027614
2559,0.5521400625553953
2139,0.5201739803527862
10562,0.43660977449297905
1497,0.3680011066588175
4757,0.5238443970715603
1354,0.30680080637819995
5896,0.9183999948582735
6453,0.12722740021024892
1426,0.3130265081186986
4271,0.22663967228220844
7673,0.7296550625601399
7782,0.2508074896437935
8181,0.3932007058710424
1797,0.5031269830860604
8615,0.9167509243023749
3097,0.8446934961295607
5306,0.562146026403167
9633,0.24931073362290662
8700,0.2559671167892297
9876,0.8621782982291303
8045,0.41028394182285227
7750,0.28543206924316517
6370,0.6333872649132763
7093,0.4474991914339787
8018,0.1941957868589264
1118,0.34159669936933945
4849,0.822142052075875
9627,0.20630915306824593
829,0.30446314364957267
4164,0.3621939715745276
1707,0.9333681713212811
6752,0.14181980914256054
6236,0.26772627304038055
4052,0.18524797905615387
5283,0.2997546893463598
2856,0.83938358236632
4630,0.5276169697214654
9563,0.9445009380096486
6576,0.8390132054821285
5721,0.3248500592587936
4305,0.7896165296329067
8972,0.2648515778531783
1694,0.9050363523060865
3582,0.8831287120095449
3913,0.30219024727575905
470,0.5225305499689998
4195,0.30804168859631925
3422,0.25626379430978424
9744,0.3470440805405109
4206,0.2328197480358592
7971,0.6635738568698978
141,0.3374105507733719
1994,0.9605823667253778
1602,0.7676634965248735
1031,0.26006260017184296
9150,0.3833242250526195
8528,0.20351554738321814
7545,0.18493114941090505
7448,0.19398366133116451
1821,0.3322586822452623
10075,0.3181409577143564
5242,0.22025995520702382
822,0.1861653929344671
4826,0.3009121931666373
910,0.4268555935502853
10147,0.7026859404728765
2018,0.9026435012353338
8916,0.3113022702560736
4880,0.49485636505935665
184,0.2581295655018356
6081,0.8931737354840159
4281,0.2385703221279593
7418,0.9297308427621028
6054,0.27102620843899994
7972,0.5568301498950018
4894,0.8973419383350992
5313,0.744662975016207
5046,0.21322354440445945
7183,0.4061765914152508
5347,0.21649915472305453
5051,0.6817360760578359
495,0.5326228241213392
5985,0.8715999363613146
1227,0.9324616569368421
7594,0.6626998426294501
6178,0.20366865898109845
9344,0.5671012019032787
3681,0.8964482328569028
2805,0.8114498275677714
8237,0.23297679783998723
5139,0.6243164316065272
2347,0.2841279348892115
1978,0.17187520197857603
7824,0.4985575453937513
873,0.6956366972612402
2569,0.3114881993716848
4704,0.7561324400248945
6974,0.5630058881542718
4454,0.1937491783687812
35,0.40190514882855516
8231,0.1563681345975024
9280,0.23943045780577968
6567,0.298743668679906
2088,0.9028801997234633
925,0.9265022424515635
9958,0.22236038819429224
5234,0.2146668282062525
7623,0.5274760821474553
6074,0.3516121949007439
8115,0.25325533552955154
10462,0.6515027224543555
5008,0.38797397979062004
1256,0.18815396949547478
5001,0.3512833043160705
6885,0.20982277680094708
7509,0.6309687517479275
6251,0.8318913272749652
7250,0.7119384340934223
9502,0.44812510504222436
267,0.3048321621227198
4109,0.6574336767985738
819,0.14121562700717055
9397,0.6993147844503892
3707,0.46108628899940035
870,0.9178567205027701
10203,0.5019115370754182
9241,0.6928509860815771
5215,0.3432783884509854
982,0.7734471491163651
3878,0.1249955377915734
1847,0.35890987346245135
10457,0.9377286846897729
7811,0.2929862816760214
6205,0.18560578344815107
8311,0.3593849642678841
7657,0.21033554278999783
8174,0.4440954909769554
2119,0.2912502534776778
7893,0.6949760325199675
7754,0.6404107828837395
3684,0.4107363978718453
3585,0.3460352767095223
300,0.24967447594046915
9176,0.9289423204229708
5879,0.9148598613887065
1457,0.874813216280189
5040,0.4170251763815904
1862,0.35929998600412427
9749,0.9232463750991753
161,0.929290834312597
6134,0.8330141183396185
4995,0.19873699925513424
54,0.1524234761070921
5125,0.32825268219225995
2032,0.3940279485845326
8210,0.2173538430958874
3816,0.18861263275513787
1769,0.8277600821927757
6156,0.5328704884810804
8667,0.8504894615199963
2974,0.377720116409762
3417,0.20475985202422597
2835,0.475206774956193
1668,0.9100022471913006
10028,0.3355200997023369
5619,0.3228214934168714
3169,0.6694999181603389
9153,0.2766963830452341
8746,0.8619308731470798
8049,0.5244977929374065
10564,0.3944348175294715
8691,0.33254181549767947
2765,0.9645693304056117
52,0.43440952729226495
2663,0.3756662897347443
3014,0.5663654859256888
9453,0.8026534657023051
8078,0.2783250274062674
2356,0.2895485599635735
7595,0.7594801246874613
2195,0.7379015679527077
7633,0.8681403523048024
1259,0.15659832987297181
5214,0.21076014760549053
531,0.36245532481430287
2398,0.40801215467143664
5458,0.9232131219862875
2794,0.45522655245471205
153,0.19776454779301653
256,0.6403240833036599
8787,0.39194704487592447
4496,0.7524226143569972
9649,0.2404205704876701
461,0.14622242230666674
502,0.21561791387601645
529,0.15298294575121904
5529,0.43935035589861915
9391,0.9536711919770068
1032,0.6897222137934276
9896,0.24067594694775185
5557,0.6603486773483881
1836,0.1986086074557386
3476,0.23120189321252582
7104,0.2221912077846666
5480,0.4021459487254553
1717,0.4308254338075375
1333,0.9367551964003388
1806,0.311703957797136
8297,0.3300734116504296
2806,0.11500530007805705
3407,0.3541913243513108
10518,0.2595972770906205
6043,0.3247719760554329
8857,0.8072437154042847
8456,0.32868323610142747
427,0.21061130047036145
4028,0.5717860939202407
1988,0.23889030980182582
7354,0.27549630947479525
2393,0.2925688007965071
452,0.5399212789013393
5445,0.6662085376237198
7637,0.9215336740991106
5486,0.5686433952786748
4175,0.41135966932334467
6068,0.16004717256203643
8968,0.46985779978992914
9384,0.8452105387700614
7470,0.6127190311010919
9319,0.8286610712386189
5817,0.9375116174378252
10294,0.9222826347461356
1313,0.3496720894499655
10181,0.2594011619563676
5269,0.21396205052164222
127,0.23558448945448562
989,0.8360622618194639
10234,0.3778180908734039
4799,0.9156868404828578
3834,0.24906169629713817
9206,0.18407720465376146
4753,0.1701226055374323
4437,0.255032557976853
3520,0.9252624240490857
10124,0.16128708593703514
1318,0.4194980262801262
2055,0.5177544365594213
690,0.9313365791684342
1294,0.211932431152998
6522,0.9364296594445307
4453,0.26007278477950985
624,0.18134575730255836
2863,0.8971421387205475
4922,0.29365399076215576
4120,0.2569302166205921
8164,0.30689286827720236
2317,0.2452897612760408
6058,0.15255594729932231
1428,0.6539834476774804
3577,0.5046526450335705
5811,0.8612090573268203
1430,0.6402585425987403
4488,0.3119141596384635
9634,0.9579021865329423
4482,0.8618443360173655
4580,0.9160237077716957
2571,0.12813470525145468
10499,0.9181039344222938
3932,0.254361846516497
377,0.786030734839954
5851,0.2528681815058832
6384,0.9071810905529647
6470,0.25872520794304477
8505,0.25407777505137774
4268,0.5988188618902163
10397,0.337226443458403
4309,0.13304077763543756
1949,0.5724348516619258
2097,0.368415441155425
9709,0.4279468006929633
4936,0.45719350158898303
4033,0.28496813734667753
3828,0.5040544505864906
8862,0.1451250928526151
374,0.5299578313030551
401,0.9171581889282093
10015,0.8739347292456473
7613,0.21533132710373318
4397,0.7690129197752632
2329,0.7659481115485033
4733,0.9105441028558535
1552,0.37286004934119477
2486,0.8541377353491301
940,0.392335921597009
7118,0.9213625592964323
8060,0.8769460493572847
1550,0.22536664393876474
6202,0.2271265339973494
8980,0.9080189435942384
8162,0.9152966853236545
10066,0.13079413316397864
7981,0.6265377994705549
7336,0.9630209802349707
6277,0.36290162119875297
1670,0.8503765198851011
6007,0.3071310497089409
7832,0.5749982280379817
2612,0.20756809628474493
8320,0.9674989319362631
1779,0.9616539461211256
6107,0.15434780911157542
2537,0.9398004772012996
2726,0.8521605007674555
8717,0.4892548132279461
2201,0.24403167940138792
6276,0.27237587907047706
3293,0.2568852742272147
7907,0.7978998940656523
7321,0.24784497644418746
840,0.3546477748559888
1081,0.21381849881928694
8289,0.8232848799052015
343,0.27099745872665404
8184,0.19990638196662278
7166,0.9034410533351332
8805,0.9572407662271635
9407,0.31171091789429956
5573,0.28519961608647265
9330,0.8966139660209735
2215,0.8750809551059318
4105,0.20403563109601483
7699,0.18738878751630078
5850,0.2527198813641398
10228,0.8771903294450827
638,0.5196209561327747
5633,0.318396785522168
5919,0.3276706480759514
4573,0.2857972468056884
7164,0.4061482670678263
5093,0.8527727217608264
9815,0.6376599177812536
8411,0.9084992453109562
8955,0.9453575288786896
9556,0.4342169335721871
7349,0.4966670549909335
8436,0.9688472199647105
2631,0.9640606405851277
2739,0.9273784335731127
3930,0.4429126553453529
6833,0.3584926305536011
9186,0.944973661505646
3150,0.20067446652680213
8328,0.730691097557177
4006,0.7922584194232162
3065,0.28043441552058446
3305,0.1449227577836914
2506,0.14080587912682802
9737,0.8764777314309256
5178,0.16219447494771874
9452,0.38042290652181715
10111,0.6349638515118212
1652,0.27798647533876386
10134,0.6620980871822332
7247,0.24943097021531144
4363,0.9175970487899836
1712,0.9289404439799559
4232,0.23328392474915763
5626,0.18242007922135478
3049,0.8730044023415028
5397,0.2091495697593259
8637,0.20334600275240197
8785,0.3028906437901032
4438,0.8512202776160587
1410,0.20542250568960055
6902,0.2756163061641976
187,0.26703961546014204
3883,0.5645088970474219
3988,0.8686594798853279
5620,0.3195358873780389
2904,0.22034412845349519
3926,0.16626938831399246
9020,0.2710036699716928
2947,0.40930555104819666
2364,0.9030224043240888
5291,0.919486616384927
7078,0.19720818051881137
4477,0.09859417282028993
4333,0.7890959008534721
9247,0.36623823505207287
6957,0.22251004369224545
7281,0.31283774321210195
4012,0.5750711137080854
975,0.9303411406702723
8037,0.7043146990217298
10408,0.9355534965994631
2900,0.5947611045233757
6457,0.7033598101088363
9292,0.5607465436936724
2115,0.353047777265231
9001,0.7875146339614794
8981,0.29556468264939967
6085,0.33368390636231726
49,0.3017120151981083
210,0.1698488956621785
1607,0.34914280094434796
5256,0.3003027349547602
3170,0.9437464285143795
147,0.7379574613923695
7627,0.8448104475479153
83,0.3029848252693469
3686,0.28105101341342253
5133,0.6027903858797012
935,0.11644661243180782
2875,0.4479089271669524
7277,0.27740593727938534
55,0.9093026383333751
1253,0.34383501914530995
3406,0.6922108816498412
2474,0.888791870465637
8451,0.13530211693266928
7301,0.8913987528811144
8466,0.27189301337703403
7499,0.8137124186306143
4926,0.9403982897597843
9033,0.34353376231743277
3999,0.15862488791445395
1017,0.19032889931716124
947,0.7988286201658156
7798,0.41568290519319073
6280,0.22121766260648074
6393,0.3429496551744343
8056,0.17077942921586967
9003,0.2683537219142119
4481,0.2059240476556211
5134,0.3702053731976792
4804,0.5092332739161206
34,0.3486083245285017
5659,0.9165781692744059
4519,0.2009085494583035
6272,0.9090511485932723
765,0.23392501957843656
3752,0.4067625953369715
1753,0.37514231834351425
2123,0.1608777354574579
1802,0.30526428565983305
7678,0.573688191457528
4547,0.26312239288804185
3793,0.1949514613419874
7453,0.36530567839520384
5330,0.38486955534408385
4093,0.6798747931500276
2362,0.4166835952638637
7116,0.25466477659957515
3135,0.6847891073230032
10536,0.1752507173986525
8484,0.21061426787566187
9002,0.42450352000886465
10204,0.31809617298278914
7570,0.23963178218522485
1275,0.9599801109402656
3630,0.19777644754156667
9096,0.2543423859475988
3475,0.1503368781825547
4818,0.5135811833966395
2019,0.30388039463357236
10402,0.19420284603611562
643,0.609471420072966
9927,0.1598931999419295
2827,0.11210406541317343
288,0.3644656272405622
7886,0.829728915173691
6584,0.9134436237970165
5554,0.9071028605188727
6329,0.2563104867924814
1233,0.4713015372917446
2541,0.20941897313855629
1150,0.2482833816149862
8459,0.7637882790220406
1814,0.14170605554589197
5564,0.31876609490579755
4306,0.6338317568906113
2144,0.22970036987727976
9792,0.19043461980603327
4634,0.2539921688118768
10084,0.23556529407311835
9847,0.15827747639083345
8510,0.3956150068841193
8921,0.5302869768249985
2509,0.8800640191053672
2111,0.6030265587923452
7505,0.4600763625900001
556,0.23438341972199814
9596,0.9552106162546091
1863,0.20710488389044976
8172,0.17914434415603994
8404,0.9481003998877221
3607,0.4555247172142777
7802,0.4316023017754083
3503,0.27861948300509287
5624,0.31983990500724097
331,0.9187991134294167
542,0.9630797632653141
9705,0.2010113930226382
3592,0.389496652456671
5018,0.41197558410031027
5800,0.9545822013510683
8651,0.21493192315759965
7600,0.22858071782737768
9509,0.11375329443669524
5431,0.39616716139512287
7454,0.17036315089399706
8106,0.16714697052381172
3137,0.7333772455541049
702,0.5538395905605841
6287,0.5639097989846843
5657,0.23232386832140858
8027,0.3213794806376254
5350,0.185319336160212
30,0.6707647804391205
2677,0.4996125473750705
3898,0.32360416812673165
9451,0.9478891135178609
9949,0.4808616474911166
8074,0.23542441347730106
6618,0.780094040348524
8351,0.12917469725302028
7861,0.8536656668578128
8914,0.53890383841313
9820,0.44167574112743846
9148,0.8718488235915158
1334,0.20141030354278797
1684,0.46214923144809084
6414,0.22302926630403003
6967,0.43977249598223767
1726,0.4394000417636512
9178,0.28962916525801485
6642,0.19622701441166315
1024,0.8066931493688421
6437,0.2698407134389671
7042,0.854551837918989
5319,0.27714386732062135
4594,0.4838412171358936
3702,0.7492899782105471
4882,0.7379957380042678
4243,0.4957015292808239
4750,0.18991249537156152
5735,0.6640357099188524
1432,0.3303595257282683
7576,0.9482837202829995
7455,0.36275956595434883
5563,0.2612436138320204
2291,0.9281252443705169
5386,0.311854846260914
8490,0.1762741278937743
2357,0.2029094569203175
5473,0.908664265388813
7091,0.8667582805730322
2464,0.29863203647928277
2801,0.7919372235249394
6604,0.6742888586218045
2122,0.6588658458435122
4320,0.9226512460108242
1841,0.8251324768691786
8129,0.25493768685769236
3149,0.294828335663566
10525,0.9365297476731567
1869,0.2292750548904397
8664,0.14784866169271704
1941,0.3774569787511572
5216,0.4990581965686239
7993,0.1824977819780425
7327,0.27489508748958263
4076,0.29760771255808416
6544,0.34187012575028225
3300,0.4288044492625981
9139,0.6659974841520188
6761,0.9319723164089445
2220,0.1825055394781011
5661,0.3163752003131142
1676,0.258290870753785
1572,0.8678399489813032
9545,0.2593098035061032
212,0.7903841459921739
2498,0.1845224786814268
5758,0.3266968206504339
241,0.924602186220153
7872,0.6474708526372737
10546,0.20202772891986934
9615,0.5831336566184667
882,0.2713318054460897
5753,0.21085458812128555
547,0.32385609325153514
10275,0.1775200112265383
7686,0.8660826523674118
6508,0.897243506459484
4296,0.7801472216483438
6625,0.6981782158046792
404,0.12321585599847139
1289,0.3092283051232739
5239,0.48776977756285556
10261,0.663953569498105
2649,0.18033927927652058
9886,0.9058622937348535
5341,0.27695079960229985
869,0.6401304448954671
5533,0.8223330167352009
1560,0.9262655440256916
9892,0.357754055883269
1933,0.19465969054379345
5885,0.15969010369122244
7833,0.2058670793010442
7296,0.10413493573550194
7373,0.8372213936990942
8983,0.26661839650349056
5842,0.43177507270571974
2194,0.32238091174440586
132,0.4324743216787027
2659,0.642618381427511
7896,0.3158714182422217
7887,0.5804976152532564
5745,0.9242423864120637
2409,0.8657053534445942
2253,0.8656747811496666
1434,0.7123252276681807
6946,0.13458268417478061
6510,0.5840157383852751
6982,0.24891536005211712
8999,0.3014024403728156
5170,0.3376120971108966
10158,0.1674740136512483
234,0.3601820793926195
9034,0.6828911031235223
3801,0.9129679257383351
3887,0.7729988754601795
10361,0.5469212087462634
5385,0.9393015984799424
6575,0.8604596434003362
3560,0.18709138185825824
2112,0.61026412477162
4307,0.5313296803041125
8704,0.8404433561644459
10476,0.6947218559269998
4637,0.3116285040598592
2953,0.9396998089156502
1320,0.9725692389648695
3264,0.4872786460668078
7904,0.9527042720069397
9144,0.9573858664938419
4494,0.8566800796445718
4819,0.8319669645520272
3781,0.32760818495213795
3459,0.39431128681723543
5681,0.4581839587448502
6507,0.4711036196350691
3722,0.8678331375773457
398,0.22103285997768757
9377,0.5393693620253858
978,0.6219357344733446
3104,0.9689651777904288
2693,0.3343099272052033
3803,0.7419727773287539
9533,0.890649598856045
1173,0.531865940047651
10307,0.7708266748867014
10326,0.26579320604227347
5113,0.3362057715364846
1116,0.5392842111320306
10452,0.8749244698354849
8013,0.3130276562062916
6491,0.1414765703823836
9906,0.9475088077033463
7531,0.5532196688276584
102,0.25658062525566017
5233,0.9036866085366038
1661,0.9344550758483731
8280,0.31074507063258405
1000,0.7602737071519041
3743,0.8533068678107606
1501,0.9157731077888568
3809,0.45725646639050727
8647,0.8739461181053664
1959,0.2041651257937396
1690,0.2436112328979527
5498,0.5791310202852219
837,0.260503997667107
8788,0.8680066654050341
4114,0.7414036317033483
1413,0.5829849710646977
6836,0.9244025756264925
4240,0.3899676816862246
1908,0.9078267894537024
5750,0.3772396258681001
10087,0.2625200512738383
2680,0.5240151783660251
4323,0.6518241166081734
4439,0.932935396750073
8517,0.37289711631559225
933,0.7925676260816742
33,0.909024223373242
4295,0.2001307078107146
3258,0.44291394080811386
7497,0.2478409819281005
9276,0.3080211245520223
9811,0.3616492129237931
3833,0.3654010959632095
7682,0.21911750975129038
1748,0.2754737532523386
3693,0.3309409183313755
3608,0.46156032201841385
10230,0.27664348959657553
5468,0.16705649647266493
10464,0.9616572895366974
6932,0.3524716993730953
3616,0.4660361987034534
9603,0.9363459296533988
10394,0.7543195351774261
5509,0.7409606964323074
3731,0.9345320204889327
5827,0.2193959973631772
10527,0.9622019937859115
7004,0.8882780110844459
3210,0.7503139773575499
59,0.9321442713777656
2660,0.9660234200305489
1909,0.39376326434377734
8569,0.9359512179410373
2862,0.1967101077000219
5966,0.44623110350882916
2639,0.2197153626953616
6838,0.8462242972520133
9527,0.3133609919838501
5345,0.9058473096045273
7702,0.7054564906022794
3242,0.24782081605899156
6516,0.29046703135763025
10412,0.266324443918971
8213,0.3164730759383564
2598,0.9675267439013377
6193,0.27014237838599275
9593,0.8973512507939567
6646,0.8854488063203916
5388,0.4821947836223932
6413,0.5775952377979222
1540,0.2642749779627388
8660,0.22989648121287862
2999,0.4297148991761341
3194,0.2541385698376534
9437,0.8916950888466155
9473,0.4342237259479736
877,0.24908542628714725
9640,0.3899676816862246
4434,0.3822821339286287
8385,0.5373003568851364
2542,0.20906914695166062
3281,0.35714396795718995
7820,0.355881880643484
1418,0.9827086966893267
6079,0.5757522348388007
3685,0.2305223259537972
9361,0.1536980073703449
3364,0.753172218944115
7495,0.4139202129823104
8226,0.7043332475358357
8043,0.4136682115194267
9924,0.14300675234858806
6018,0.32487991615047485
3,0.6649868402666413
4592,0.3047324961731868
10125,0.46876904785291545
8900,0.35012391725679703
7028,0.9623607552922493
3419,0.5135974494695922
5514,0.3890402680948345
2770,0.3184773786142572
5007,0.8081575794572674
1931,0.30092954050027415
9768,0.36933526796121285
3337,0.3340819368648897
703,0.23724046338876667
6685,0.29185212036372293
6064,0.2638863154503544
1881,0.26028542059715193
4842,0.5845672653486598
8432,0.2678113776913118
3569,0.3419754831705529
9797,0.298764668773639
2829,0.15862392382081297
3739,0.3003992411440815
2128,0.4627919547530699
2372,0.42024778648338185
3354,0.2464439252740316
3321,0.85647612045024
8532,0.9385131457314675
1800,0.5537317114177621
2560,0.21917766930500585
3936,0.8196250850968437
2588,0.4558030260531748
4890,0.9831629535866485
8912,0.9079715041084842
6192,0.18539317893396484
8658,0.14667518855301054
5272,0.3991555608058134
10404,0.8037621621142887
2299,0.2691044734755834
9419,0.2398115111391797
3018,0.4709135433995489
8642,0.814828208325576
6594,0.19369890743752705
8852,0.2478185065700366
9212,0.3096910230818265
7081,0.9488988209265363
8469,0.2317755538744531
1372,0.22338902304047817
2514,0.18998474972127571
2311,0.2679266581980902
5548,0.3051113255574455
9024,0.4774308410168397
10324,0.14897278428591126
7735,0.1591070229829884
1488,0.8962254777904768
9130,0.9215491857015193
2307,0.9526991050821352
2374,0.20089782109699242
10519,0.8864146842440902
10264,0.7328029619911234
9908,0.31715734557603825
1073,0.3714187475913034
118,0.8381201827923067
8884,0.24180694990133084
242,0.1295900491165282
6300,0.42793059602657746
5422,0.5025675151352238
899,0.5758971553990292
773,0.27552875491071305
70,0.9161132885602918
9249,0.2633371530022399
8847,0.4238250805534326
432,0.17087754092924964
468,0.9069842088137994
7830,0.7151705358526211
4642,0.5071751942522653
1782,0.9212089709916698
8683,0.44161522830580086
8551,0.272796783037159
5224,0.37325922030503006
922,0.4787764075221236
757,0.9486043405168318
1101,0.20791053554715816
6804,0.15653346847954988
9266,0.9402024107921988
6487,0.275051188992558
5627,0.26218620244776814
4972,0.8268530337667436
3596,0.8804193212107484
1420,0.5986285534538907
10209,0.5517420664309591
8629,0.7865097912221242
3147,0.8789850341445862
9821,0.9169523726566965
10377,0.32502519170218147
456,0.23095386559596812
9887,0.46529847687239245
8864,0.49044782989458363
5665,0.28627861164008256
1764,0.16569094082690333
9198,0.9348570843749561
7536,0.5293279397672345
991,0.9000935804954857
1537,0.4417922614117096
3450,0.9138930202599368
5663,0.868554453725776
4221,0.34108755055320256
3350,0.26496799656767595
943,0.24538252551422082
3203,0.45930938426800677
1144,0.3217623934855373
2334,0.9543052327921416
7074,0.9416237736262136
10071,0.6250795801582744
7540,0.8910453708272723
4143,0.29397754790659547
6643,0.42125968299738925
1067,0.1327851670759885
6356,0.8205193384352308
8133,0.20747966904227877
108,0.31582525337134554
308,0.4489748123665079
7432,0.3436736214435848
2652,0.7510135821657047
4740,0.9441798848625405
7048,0.21495143615294016
490,0.18155095359647977
6808,0.2501640706759006
7990,0.29977151995393597
4460,0.14784619937808754
6803,0.9097808360425578
2414,0.269322881280086
8085,0.3114315964864417
2031,0.8859188209808322
8476,0.7781678318359508
9840,0.9620046294902019
2853,0.30378503719250494
8114,0.6093724358190159
6245,0.9340986651872891
8918,0.31987140772902906
2621,0.41525383993244597
5344,0.5468468898798526
3775,0.14750593499641834
631,0.347246456351113
10481,0.2866286222265134
8188,0.9418926856934853
9830,0.8797642182555857
5426,0.42053652330287017
6688,0.6662171178962178
4132,0.7880419330187507
588,0.6491310812028649
5600,0.3588789098879301
4743,0.31943278300472233
8711,0.22454216852100237
6039,0.2705651593283252
4576,0.5256957933053859
6941,0.28140817066165885
10202,0.44560765514771933
6632,0.4505212629632299
1079,0.47743238331462184
9642,0.45982330821346523
5401,0.3466314138408537
600,0.23022041223288348
4873,0.33627716146483866
5558,0.19920054258394299
483,0.1814161278195617
10378,0.9387933079187044
9004,0.17891772588679644
2809,0.933054816299216
9542,0.8938808210610776
3215,0.15256657018293662
6924,0.3081128697350682
7213,0.8518470958524375
3105,0.9103743566671596
9771,0.8595860881326567
632,0.8372087427892432
3232,0.724204765189513
1543,0.32559338906465723
2164,0.8629208603830645
4559,0.22355961092243642
9530,0.3644347756910064
2033,0.4142626046168517
2842,0.28346423815843363
4186,0.1792295617867334
4078,0.21861646329998535
8093,0.8749204977031088
7286,0.6881415950147991
7044,0.8584095687135432
9234,0.47891708608675065
8536,0.23472715005156347
307,0.9167776363379169
4382,0.9147650023451903
1350,0.18723557812543654
4632,0.712344412596605
5639,0.36626719400338564
6445,0.3280371304298301
10511,0.1381386822315057
8601,0.2188000217700903
137,0.4990626629246186
2298,0.8804894792866005
8978,0.19053789912265032
7218,0.1690355667441496
856,0.4199286507072451
736,0.22698312635482065
7719,0.16331426788117084
3177,0.40504090118839053
2564,0.8254826990796483
3123,0.8102821339045794
4827,0.49752142871190774
6386,0.17128130088607296
708,0.8100080595680268
1414,0.9649268754970514
7190,0.6720621645058966
10298,0.39325371297319833
838,0.7758926876645799
10145,0.8926069819303682
3071,0.778852815242221
5329,0.2255550000109671
462,0.5856309109923761
9809,0.2525580767676481
7279,0.8957028572432455
2707,0.1845648888160317
3671,0.7905385892227532
516,0.9576852118276891
10395,0.2422027552956794
8167,0.38219476825347676
2138,0.5169141384119329
5192,0.15475504693598813
1377,0.18206363134904394
1390,0.1958354640477038
1244,0.20594949492601225
8424,0.2652969605863752
205,0.2340473126289115
9592,0.5711341125309677
116,0.4701615494134439
8306,0.2819564644055661
7649,0.9197124539583118
9560,0.7815625869430027
2102,0.1974019557084855
10490,0.3953550963209201
97,0.5938245583116913
7618,0.39578412406681507
9413,0.18943369031978727
6148,0.7415891762074867
7147,0.943987315830298
2430,0.9505867953878794
7539,0.9238647874878269
7475,0.7652498604166071
7796,0.9351940113431789
1582,0.5164267443844118
8454,0.19001829554378033
3164,0.2639508873984661
2375,0.9428081589275665
980,0.2568623986189601
10233,0.26716763764925
2271,0.5094813647067922
7843,0.20505548972838433
6165,0.8362045983952823
3449,0.7943209400505185
8757,0.6587354284081879
9757,0.9381299447721517
6925,0.7297227383809249
6191,0.5260774141836988
6985,0.2678527337085756
9064,0.19810018580368255
2691,0.9458943692866623
657,0.3227860108945951
858,0.21369761693208292
6677,0.8767210315336686
642,0.4281026691852123
2627,0.3014598433284224
1569,0.8577195515402757
3674,0.19086396694082403
10095,0.38129830369466167
7423,0.3302451843614935
4993,0.21854265264213182
4983,0.18819195382176854
7070,0.9075712772200366
700,0.8686612798617585
2447,0.2576810848417041
2380,0.8942340145221517
8418,0.6001122363179929
1288,0.18799748568140856
9400,0.11407623743797604
8530,0.18570355878046949
784,0.16846996212363788
2969,0.34841882394121176
892,0.9177705812536099
5679,0.32548298897517286
4650,0.2875055953191705
994,0.9303760502309265
9751,0.7277392880065962
9462,0.18326546866737317
4958,0.9233847082593458
506,0.7002504309012412
4631,0.2042483524512276
4321,0.2520049806556654
5617,0.5073086096606741
7571,0.8783559360849484
6873,0.35804823685669945
7964,0.2103109802990877
4567,0.3814985523939376
7429,0.92490941665256
3615,0.24112234494125154
8744,0.11693154950262047
1142,0.20047021119125413
6189,0.21494925888105226
3411,0.4176582347638372
9133,0.3188951990130845
5806,0.4236275542009094
2385,0.3446687374642826
801,0.7571578532067674
4672,0.28007905892985846
6530,0.6123668538498369
260,0.2883234604345301
6624,0.6747323120828363
2001,0.6304856199877484
8403,0.7213738373207899
4935,0.31077805058291336
7264,0.759660923514039
9714,0.9241986775521306
5903,0.7702657678990091
3176,0.7249116762582907
7441,0.8248028918698088
